<?xml version="1.0" encoding="UTF-8"?>
<project-private xmlns="http://www.netbeans.org/ns/project-private/1">
    <editor-bookmarks xmlns="http://www.netbeans.org/ns/editor-bookmarks/2" lastBookmarkId="0"/>
    <open-files xmlns="http://www.netbeans.org/ns/projectui-open-files/2">
        <group>
            <file>file:/C:/Users/ijimeneza/Documents/NetBeansProjects/StudentsBD_1/src/mx/gob/queretaro/dao/StudentDao.java</file>
            <file>file:/C:/Users/ijimeneza/Documents/NetBeansProjects/StudentsBD_1/src/mx/gob/queretaro/gui/student/UpdateStudent.java</file>
            <file>file:/C:/Users/ijimeneza/Documents/NetBeansProjects/StudentsBD_1/src/mx/gob/queretaro/gui/student/AddStudent.java</file>
        </group>
    </open-files>
</project-private>
